date,close
2021-01-01,730.36755371
2021-01-02,774.53497314
2021-01-03,975.50769043
2021-01-04,1040.23303223
2021-01-05,1100.00610352
2021-01-06,1207.11218262
2021-01-07,1225.67810059
2021-01-08,1224.19714355
2021-01-09,1281.07727051
2021-01-10,1262.24670410
2021-01-11,1090.14538574
2021-01-12,1043.43457031
2021-01-13,1130.73937988
2021-01-14,1218.45300293
2021-01-15,1171.83459473
2021-01-16,1233.53759766
2021-01-17,1230.17224121
2021-01-18,1257.27954102
2021-01-19,1377.29589844
2021-01-20,1382.27404785
2021-01-21,1121.57092285
2021-01-22,1236.51220703
2021-01-23,1230.99060059
2021-01-24,1391.60937500
2021-01-25,1324.41479492
2021-01-26,1357.05810547
2021-01-27,1253.18713379
2021-01-28,1332.49218750
2021-01-29,1382.52282715
2021-01-30,1376.11547852
2021-01-31,1314.98620605
2021-02-01,1369.04052734
2021-02-02,1515.19372559
2021-02-03,1660.90954590
2021-02-04,1594.76269531
2021-02-05,1718.65087891
2021-02-06,1677.84680176
2021-02-07,1614.22778320
2021-02-08,1746.61682129
2021-02-09,1768.03503418
2021-02-10,1744.24340820
2021-02-11,1783.79797363
2021-02-12,1843.53259277
2021-02-13,1814.10986328
2021-02-14,1805.08410645
2021-02-15,1779.79101562
2021-02-16,1781.06750488
2021-02-17,1848.45825195
2021-02-18,1937.44921875
2021-02-19,1960.16479492
2021-02-20,1919.53405762
2021-02-21,1935.60107422
2021-02-22,1781.99291992
2021-02-23,1570.20397949
2021-02-24,1626.57568359
2021-02-25,1475.70373535
2021-02-26,1446.03369141
2021-02-27,1459.97314453
2021-02-28,1416.04895020
2021-03-01,1564.70764160
2021-03-02,1492.60876465
2021-03-03,1575.85314941
2021-03-04,1541.91430664
2021-03-05,1533.27502441
2021-03-06,1654.74157715
2021-03-07,1723.15380859
2021-03-08,1834.72790527
2021-03-09,1868.04882812
2021-03-10,1799.16625977
2021-03-11,1826.19494629
2021-03-12,1772.10241699
2021-03-13,1924.68542480
2021-03-14,1854.56433105
2021-03-15,1791.70227051
2021-03-16,1806.97180176
2021-03-17,1823.44934082
2021-03-18,1782.85510254
2021-03-19,1817.62414551
2021-03-20,1812.63464355
2021-03-21,1788.21704102
2021-03-22,1691.33398438
2021-03-23,1678.65014648
2021-03-24,1593.41345215
2021-03-25,1595.35925293
2021-03-26,1702.84204102
2021-03-27,1716.49462891
2021-03-28,1691.35595703
2021-03-29,1819.68493652
2021-03-30,1846.03369141
2021-03-31,1918.36206055
2021-04-01,1977.27685547
2021-04-02,2143.22558594
2021-04-03,2028.42248535
2021-04-04,2093.12280273
2021-04-05,2107.88720703
2021-04-06,2118.37890625
2021-04-07,1971.07727051
2021-04-08,2088.57373047
2021-04-09,2072.10888672
2021-04-10,2135.94213867
2021-04-11,2157.65698242
2021-04-12,2139.35327148
2021-04-13,2299.18774414
2021-04-14,2435.10498047
2021-04-15,2519.11621094
2021-04-16,2431.94653320
2021-04-17,2344.89501953
2021-04-18,2237.13696289
2021-04-19,2166.18872070
2021-04-20,2330.21093750
2021-04-21,2364.75170898
2021-04-22,2403.53515625
2021-04-23,2363.58618164
2021-04-24,2211.62573242
2021-04-25,2316.05957031
2021-04-26,2534.48168945
2021-04-27,2662.86523438
2021-04-28,2746.38012695
2021-04-29,2756.87695312
2021-04-30,2773.20703125
2021-05-01,2945.89282227
2021-05-02,2952.05615234
2021-05-03,3431.08618164
2021-05-04,3253.62939453
2021-05-05,3522.78320312
2021-05-06,3490.88037109
2021-05-07,3484.72900391
2021-05-08,3902.64770508
2021-05-09,3928.84472656
2021-05-10,3952.29394531
2021-05-11,4168.70117188
2021-05-12,3785.84863281
2021-05-13,3715.14843750
2021-05-14,4079.05737305
2021-05-15,3638.12207031
2021-05-16,3587.50610352
2021-05-17,3282.39770508
2021-05-18,3380.07006836
2021-05-19,2460.67919922
2021-05-20,2784.29418945
2021-05-21,2430.62133789
2021-05-22,2295.70556641
2021-05-23,2109.57983398
2021-05-24,2643.59106445
2021-05-25,2706.62890625
2021-05-26,2888.69873047
2021-05-27,2736.48852539
2021-05-28,2419.90625000
2021-05-29,2279.51416016
2021-05-30,2390.30541992
2021-05-31,2714.94531250
2021-06-01,2633.51831055
2021-06-02,2706.12500000
2021-06-03,2855.12646484
2021-06-04,2688.19506836
2021-06-05,2630.57690430
2021-06-06,2715.09277344
2021-06-07,2590.26318359
2021-06-08,2517.43872070
2021-06-09,2608.26708984
2021-06-10,2471.51855469
2021-06-11,2353.76879883
2021-06-12,2372.48437500
2021-06-13,2508.39160156
2021-06-14,2537.89111328
2021-06-15,2610.93676758
2021-06-16,2367.66357422
2021-06-17,2372.00195312
2021-06-18,2231.73315430
2021-06-19,2178.49902344
2021-06-20,2246.36450195
2021-06-21,1888.44750977
2021-06-22,1874.95007324
2021-06-23,1989.73632812
2021-06-24,1988.45629883
2021-06-25,1813.21728516
2021-06-26,1829.23925781
2021-06-27,1978.89465332
2021-06-28,2079.65747070
2021-06-29,2160.76831055
2021-06-30,2274.54760742
2021-07-01,2113.60546875
2021-07-02,2150.04028320
2021-07-03,2226.11425781
2021-07-04,2321.72412109
2021-07-05,2198.58251953
2021-07-06,2324.67944336
2021-07-07,2315.16186523
2021-07-08,2120.02636719
2021-07-09,2146.69238281
2021-07-10,2111.40356445
2021-07-11,2139.66479492
2021-07-12,2036.72106934
2021-07-13,1940.08398438
2021-07-14,1994.33129883
2021-07-15,1911.17565918
2021-07-16,1880.38293457
2021-07-17,1898.82519531
2021-07-18,1895.55212402
2021-07-19,1817.29663086
2021-07-20,1787.51074219
2021-07-21,1990.97082520
2021-07-22,2025.20275879
2021-07-23,2124.77661133
2021-07-24,2189.21875000
2021-07-25,2191.37377930
2021-07-26,2233.36669922
2021-07-27,2298.33349609
2021-07-28,2296.54541016
2021-07-29,2380.95678711
2021-07-30,2466.96142578
2021-07-31,2536.20996094
2021-08-01,2561.85205078
2021-08-02,2610.15332031
2021-08-03,2502.34960938
2021-08-04,2724.61987305
2021-08-05,2827.32885742
2021-08-06,2890.94165039
2021-08-07,3157.23876953
2021-08-08,3013.73266602
2021-08-09,3167.85620117
2021-08-10,3141.69116211
2021-08-11,3164.24511719
2021-08-12,3043.41430664
2021-08-13,3322.21166992
2021-08-14,3265.44335938
2021-08-15,3310.50415039
2021-08-16,3156.50952148
2021-08-17,3014.84594727
2021-08-18,3020.08984375
2021-08-19,3182.70214844
2021-08-20,3286.93530273
2021-08-21,3226.08398438
2021-08-22,3242.11547852
2021-08-23,3319.25732422
2021-08-24,3172.45629883
2021-08-25,3224.91528320
2021-08-26,3100.32543945
2021-08-27,3270.60083008
2021-08-28,3244.40332031
2021-08-29,3227.00268555
2021-08-30,3224.37426758
2021-08-31,3433.73266602
2021-09-01,3834.82812500
2021-09-02,3790.98999023
2021-09-03,3940.61474609
2021-09-04,3887.82836914
2021-09-05,3952.13354492
2021-09-06,3928.37939453
2021-09-07,3426.39428711
2021-09-08,3497.31518555
2021-09-09,3427.34008789
2021-09-10,3211.50585938
2021-09-11,3270.27807617
2021-09-12,3410.13452148
2021-09-13,3285.51171875
2021-09-14,3429.16967773
2021-09-15,3615.28271484
2021-09-16,3571.29492188
2021-09-17,3398.53881836
2021-09-18,3432.01831055
2021-09-19,3329.44799805
2021-09-20,2958.99340820
2021-09-21,2764.43115234
2021-09-22,3077.86791992
2021-09-23,3155.52368164
2021-09-24,2931.66918945
2021-09-25,2925.56567383
2021-09-26,3062.26538086
2021-09-27,2934.13891602
2021-09-28,2807.29663086
2021-09-29,2853.14331055
2021-09-30,3001.67895508
2021-10-01,3307.51611328
2021-10-02,3391.69433594
2021-10-03,3418.35864258
2021-10-04,3380.08911133
2021-10-05,3518.51855469
2021-10-06,3580.56201172
2021-10-07,3587.97485352
2021-10-08,3563.75927734
2021-10-09,3575.71679688
2021-10-10,3425.85278320
2021-10-11,3545.35400391
2021-10-12,3492.57324219
2021-10-13,3606.20166016
2021-10-14,3786.01416016
2021-10-15,3862.63476562
2021-10-16,3830.38208008
2021-10-17,3847.10449219
2021-10-18,3748.76025391
2021-10-19,3877.65087891
2021-10-20,4155.99218750
2021-10-21,4054.32275391
2021-10-22,3970.18188477
2021-10-23,4171.66357422
2021-10-24,4087.90307617
2021-10-25,4217.87695312
2021-10-26,4131.10205078
2021-10-27,3930.25732422
2021-10-28,4287.31884766
2021-10-29,4414.74658203
2021-10-30,4325.65039062
2021-10-31,4288.07421875
2021-11-01,4324.62695312
2021-11-02,4584.79882812
2021-11-03,4607.19384766
2021-11-04,4537.32421875
2021-11-05,4486.24316406
2021-11-06,4521.58105469
2021-11-07,4620.55468750
2021-11-08,4812.08740234
2021-11-09,4735.06884766
2021-11-10,4636.17431641
2021-11-11,4730.38427734
2021-11-12,4667.11523438
2021-11-13,4651.46044922
2021-11-14,4626.35888672
2021-11-15,4557.50390625
2021-11-16,4216.36523438
2021-11-17,4287.59375000
2021-11-18,4000.65087891
2021-11-19,4298.30664062
2021-11-20,4409.93115234
2021-11-21,4269.73291016
2021-11-22,4088.45776367
2021-11-23,4340.76367188
2021-11-24,4239.98144531
2021-11-25,4274.74316406
2021-11-26,4030.90893555
2021-11-27,4096.91210938
2021-11-28,4294.45361328
2021-11-29,4445.10498047
2021-11-30,4631.47900391
2021-12-01,4586.99023438
2021-12-02,4511.30224609
2021-12-03,4220.70605469
2021-12-04,4119.58740234
2021-12-05,4198.32275391
2021-12-06,4358.73730469
2021-12-07,4315.06152344
2021-12-08,4439.35791016
2021-12-09,4119.81591797
2021-12-10,3908.49609375
2021-12-11,4084.45239258
2021-12-12,4134.45312500
2021-12-13,3784.22680664
2021-12-14,3745.44042969
2021-12-15,4018.38867188
2021-12-16,3962.46972656
2021-12-17,3879.48657227
2021-12-18,3960.86010742
2021-12-19,3922.59252930
2021-12-20,3933.84448242
2021-12-21,4020.26000977
2021-12-22,3982.09960938
2021-12-23,4108.01562500
2021-12-24,4047.98291016
2021-12-25,4093.28100586
2021-12-26,4067.32812500
2021-12-27,4037.54760742
2021-12-28,3800.89306641
2021-12-29,3628.53173828
2021-12-30,3713.85205078
2021-12-31,3682.63281250
2022-01-01,3769.69702148
2022-01-02,3829.56494141
2022-01-03,3761.38037109
2022-01-04,3794.05664062
2022-01-05,3550.38696289
2022-01-06,3418.40820312
2022-01-07,3193.21044922
2022-01-08,3091.97265625
2022-01-09,3157.75146484
2022-01-10,3083.09790039
2022-01-11,3238.11157227
2022-01-12,3372.25830078
2022-01-13,3248.28857422
2022-01-14,3310.00146484
2022-01-15,3330.53076172
2022-01-16,3350.92187500
2022-01-17,3212.30493164
2022-01-18,3164.02514648
2022-01-19,3095.82592773
2022-01-20,3001.12011719
2022-01-21,2557.93164062
2022-01-22,2405.18115234
2022-01-23,2535.03906250
2022-01-24,2440.35229492
2022-01-25,2455.93505859
2022-01-26,2468.03027344
2022-01-27,2423.00122070
2022-01-28,2547.09204102
2022-01-29,2597.08471680
2022-01-30,2603.46655273
2022-01-31,2688.27880859
2022-02-01,2792.11718750
2022-02-02,2682.85400391
2022-02-03,2679.16259766
2022-02-04,2983.58691406
2022-02-05,3014.64819336
2022-02-06,3057.47607422
2022-02-07,3142.47070312
2022-02-08,3122.60864258
2022-02-09,3239.45703125
2022-02-10,3077.48217773
2022-02-11,2927.38354492
2022-02-12,2917.36279297
2022-02-13,2883.46337891
2022-02-14,2933.47900391
2022-02-15,3179.87719727
2022-02-16,3127.83007812
2022-02-17,2881.48193359
2022-02-18,2785.72753906
2022-02-19,2763.70117188
2022-02-20,2628.64843750
2022-02-21,2573.81616211
2022-02-22,2639.29931641
2022-02-23,2590.35961914
2022-02-24,2598.06713867
2022-02-25,2764.53564453
2022-02-26,2781.11181641
2022-02-27,2621.80175781
2022-02-28,2919.20117188
2022-03-01,2972.48510742
2022-03-02,2950.11840820
2022-03-03,2834.46899414
2022-03-04,2617.15600586
2022-03-05,2664.83105469
2022-03-06,2555.03735352
2022-03-07,2497.77124023
2022-03-08,2576.74755859
2022-03-09,2729.78344727
2022-03-10,2608.04858398
2022-03-11,2559.56298828
2022-03-12,2574.75415039
2022-03-13,2518.94458008
2022-03-14,2590.69604492
2022-03-15,2620.14965820
2022-03-16,2772.05566406
2022-03-17,2814.85449219
2022-03-18,2945.34301758
2022-03-19,2946.25708008
2022-03-20,2860.45922852
2022-03-21,2897.97656250
2022-03-22,2973.13110352
2022-03-23,3031.06713867
2022-03-24,3108.06201172
2022-03-25,3106.67138672
2022-03-26,3143.17895508
2022-03-27,3291.57763672
2022-03-28,3336.63452148
2022-03-29,3401.98779297
2022-03-30,3385.15795898
2022-03-31,3281.64282227
2022-04-01,3449.55224609
2022-04-02,3445.05932617
2022-04-03,3522.83349609
2022-04-04,3521.24121094
2022-04-05,3411.79248047
2022-04-06,3171.69189453
2022-04-07,3233.27465820
2022-04-08,3192.07397461
2022-04-09,3261.91625977
2022-04-10,3211.86694336
2022-04-11,2981.05224609
2022-04-12,3030.37646484
2022-04-13,3118.34423828
2022-04-14,3019.90942383
2022-04-15,3040.91650391
2022-04-16,3062.31030273
2022-04-17,2993.40332031
2022-04-18,3057.60668945
2022-04-19,3104.10644531
2022-04-20,3077.74584961
2022-04-21,2987.48071289
2022-04-22,2964.83569336
2022-04-23,2938.11401367
2022-04-24,2922.73266602
2022-04-25,3009.39355469
2022-04-26,2808.29833984
2022-04-27,2888.92968750
2022-04-28,2936.94091797
2022-04-29,2815.60180664
2022-04-30,2730.18676758
2022-05-01,2827.75610352
2022-05-02,2857.41040039
2022-05-03,2783.47631836
2022-05-04,2940.64477539
2022-05-05,2749.21313477
2022-05-06,2694.97973633
2022-05-07,2636.09301758
2022-05-08,2517.45996094
2022-05-09,2245.43041992
2022-05-10,2343.51098633
2022-05-11,2072.10864258
2022-05-12,1961.70153809
2022-05-13,2014.41821289
2022-05-14,2056.27392578
2022-05-15,2145.70678711
2022-05-16,2022.72595215
2022-05-17,2090.40917969
2022-05-18,1916.65612793
2022-05-19,2018.33618164
2022-05-20,1961.31567383
2022-05-21,1974.51831055
2022-05-22,2043.17016602
2022-05-23,1972.18188477
2022-05-24,1978.98278809
2022-05-25,1944.82788086
2022-05-26,1803.91333008
2022-05-27,1724.92285156
2022-05-28,1757.94177246
2022-05-29,1812.03100586
2022-05-30,1996.44128418
2022-05-31,1942.32800293
2022-06-01,1823.56933594
2022-06-02,1834.15051270
2022-06-03,1775.07861328
2022-06-04,1801.60949707
2022-06-05,1805.20495605
2022-06-06,1859.28967285
2022-06-07,1814.04833984
2022-06-08,1793.57226562
2022-06-09,1789.82604980
2022-06-10,1665.04223633
2022-06-11,1529.66345215
2022-06-12,1445.21655273
2022-06-13,1204.58276367
2022-06-14,1211.66284180
2022-06-15,1233.20642090
2022-06-16,1067.73071289
2022-06-17,1086.51928711
2022-06-18,993.63677979
2022-06-19,1127.65649414
2022-06-20,1127.64245605
2022-06-21,1124.82458496
2022-06-22,1051.42187500
2022-06-23,1143.38671875
2022-06-24,1226.84472656
2022-06-25,1243.44689941
2022-06-26,1199.83166504
2022-06-27,1193.68066406
2022-06-28,1144.57922363
2022-06-29,1098.94384766
2022-06-30,1067.29882812
2022-07-01,1059.76733398
2022-07-02,1066.51281738
2022-07-03,1073.76696777
2022-07-04,1151.05908203
2022-07-05,1134.54101562
2022-07-06,1186.97399902
2022-07-07,1237.59338379
2022-07-08,1222.50622559
2022-07-09,1216.97827148
2022-07-10,1168.40161133
2022-07-11,1097.23657227
2022-07-12,1038.19165039
2022-07-13,1113.58715820
2022-07-14,1191.52624512
2022-07-15,1233.12915039
2022-07-16,1352.62646484
2022-07-17,1338.63574219
2022-07-18,1578.71789551
2022-07-19,1542.97521973
2022-07-20,1520.20068359
2022-07-21,1576.74951172
2022-07-22,1537.40515137
2022-07-23,1549.29748535
2022-07-24,1599.47668457
2022-07-25,1445.38342285
2022-07-26,1441.80676270
2022-07-27,1636.23266602
2022-07-28,1725.46813965
2022-07-29,1727.40698242
2022-07-30,1695.96948242
2022-07-31,1681.51733398
2022-08-01,1635.19580078
2022-08-02,1632.94543457
2022-08-03,1618.87451172
2022-08-04,1608.20581055
2022-08-05,1732.25463867
2022-08-06,1691.65808105
2022-08-07,1699.35083008
2022-08-08,1775.51611328
2022-08-09,1703.02502441
2022-08-10,1851.74267578
2022-08-11,1881.22412109
2022-08-12,1957.24645996
2022-08-13,1981.33654785
2022-08-14,1936.80200195
2022-08-15,1904.22814941
2022-08-16,1878.13940430
2022-08-17,1832.99963379
2022-08-18,1847.00781250
2022-08-19,1612.98730469
2022-08-20,1577.00378418
2022-08-21,1619.31896973
2022-08-22,1622.50585938
2022-08-23,1662.76989746
2022-08-24,1657.05920410
2022-08-25,1696.45703125
2022-08-26,1507.78283691
2022-08-27,1491.39501953
2022-08-28,1430.54736328
2022-08-29,1553.03735352
2022-08-30,1523.83886719
2022-08-31,1553.68493652
2022-09-01,1586.17675781
2022-09-02,1577.22045898
2022-09-03,1556.87268066
2022-09-04,1577.64160156
2022-09-05,1617.18322754
2022-09-06,1561.74853516
2022-09-07,1629.90637207
2022-09-08,1635.34765625
2022-09-09,1719.08544922
2022-09-10,1776.20373535
2022-09-11,1761.80004883
2022-09-12,1713.76525879
2022-09-13,1580.78796387
2022-09-14,1634.75500488
2022-09-15,1471.69348145
2022-09-16,1432.44775391
2022-09-17,1469.74169922
2022-09-18,1335.32910156
2022-09-19,1377.54138184
2022-09-20,1324.38818359
2022-09-21,1252.60778809
2022-09-22,1327.68017578
2022-09-23,1328.25952148
2022-09-24,1317.99328613
2022-09-25,1294.21679688
2022-09-26,1335.32019043
2022-09-27,1330.12768555
2022-09-28,1337.41088867
2022-09-29,1335.65234375
2022-09-30,1327.97863770
2022-10-01,1311.64440918
2022-10-02,1276.09350586
2022-10-03,1323.43920898
2022-10-04,1362.12658691
2022-10-05,1352.83715820
2022-10-06,1351.70947266
2022-10-07,1332.51696777
2022-10-08,1315.50048828
2022-10-09,1322.60424805
2022-10-10,1291.33764648
2022-10-11,1279.57568359
2022-10-12,1294.90637207
2022-10-13,1288.12390137
2022-10-14,1297.42211914
2022-10-15,1274.87170410
2022-10-16,1306.29663086
2022-10-17,1331.71362305
2022-10-18,1310.44702148
2022-10-19,1285.74426270
2022-10-20,1283.20092773
2022-10-21,1299.94641113
2022-10-22,1314.29919434
2022-10-23,1363.44702148
2022-10-24,1344.99853516
2022-10-25,1461.66540527
2022-10-26,1566.56665039
2022-10-27,1514.37487793
2022-10-28,1555.47790527
2022-10-29,1619.69848633
2022-10-30,1590.78332520
2022-10-31,1572.71447754
2022-11-01,1579.70458984
2022-11-02,1519.71179199
2022-11-03,1531.54174805
2022-11-04,1645.09338379
2022-11-05,1627.96801758
2022-11-06,1572.23474121
2022-11-07,1568.59130859
2022-11-08,1332.83557129
2022-11-09,1100.16979980
2022-11-10,1299.46459961
2022-11-11,1287.22106934
2022-11-12,1255.26831055
2022-11-13,1221.81921387
2022-11-14,1241.60424805
2022-11-15,1251.73620605
2022-11-16,1215.60253906
2022-11-17,1200.80859375
2022-11-18,1212.30029297
2022-11-19,1218.42675781
2022-11-20,1142.46667480
2022-11-21,1108.35302734
2022-11-22,1135.17346191
2022-11-23,1183.19958496
2022-11-24,1203.98315430
2022-11-25,1198.92590332
2022-11-26,1205.89794922
2022-11-27,1195.12695312
2022-11-28,1170.08618164
2022-11-29,1216.90124512
2022-11-30,1295.68859863
2022-12-01,1276.27392578
2022-12-02,1294.30334473
2022-12-03,1243.33483887
2022-12-04,1280.25659180
2022-12-05,1259.67675781
2022-12-06,1271.65380859
2022-12-07,1232.43750000
2022-12-08,1281.11633301
2022-12-09,1264.28479004
2022-12-10,1266.38415527
2022-12-11,1263.86853027
2022-12-12,1274.61901855
2022-12-13,1320.54919434
2022-12-14,1309.32873535
2022-12-15,1266.35388184
2022-12-16,1168.25939941
2022-12-17,1188.14953613
2022-12-18,1184.71520996
2022-12-19,1167.60986328
2022-12-20,1217.70361328
2022-12-21,1213.59997559
2022-12-22,1218.18212891
2022-12-23,1220.15942383
2022-12-24,1221.14855957
2022-12-25,1218.96203613
2022-12-26,1226.97436523
2022-12-27,1212.79162598
2022-12-28,1189.98608398
2022-12-29,1201.59533691
2022-12-30,1199.23278809
2022-12-31,1196.77124023
2023-01-01,1200.96484375
2023-01-02,1214.65661621
2023-01-03,1214.77880859
2023-01-04,1256.52661133
2023-01-05,1250.43859863
2023-01-06,1269.37902832
2023-01-07,1264.27038574
2023-01-08,1287.35949707
2023-01-09,1321.53894043
2023-01-10,1336.58605957
2023-01-11,1387.93273926
2023-01-12,1417.93847656
2023-01-13,1451.61486816
2023-01-14,1550.70690918
2023-01-15,1552.47949219
2023-01-16,1576.83349609
2023-01-17,1567.84606934
2023-01-18,1515.50695801
2023-01-19,1552.55651855
2023-01-20,1659.75415039
2023-01-21,1627.11816406
2023-01-22,1628.38208008
2023-01-23,1628.25109863
2023-01-24,1556.60424805
2023-01-25,1611.71105957
2023-01-26,1603.10595703
2023-01-27,1598.15649414
2023-01-28,1572.43505859
2023-01-29,1646.15563965
2023-01-30,1567.32653809
2023-01-31,1586.53540039
2023-02-01,1641.79272461
2023-02-02,1643.24157715
2023-02-03,1664.74560547
2023-02-04,1667.05920410
2023-02-05,1631.64587402
2023-02-06,1616.24707031
2023-02-07,1672.00354004
2023-02-08,1650.71679688
2023-02-09,1546.43823242
2023-02-10,1514.86914062
2023-02-11,1539.92675781
2023-02-12,1515.03369141
2023-02-13,1507.16589355
2023-02-14,1556.87512207
2023-02-15,1673.74597168
2023-02-16,1640.06762695
2023-02-17,1694.78332520
2023-02-18,1691.81945801
2023-02-19,1681.43615723
2023-02-20,1702.67517090
2023-02-21,1658.03637695
2023-02-22,1643.23168945
2023-02-23,1651.07385254
2023-02-24,1608.37316895
2023-02-25,1594.91491699
2023-02-26,1640.81713867
2023-02-27,1634.32641602
2023-02-28,1605.89514160
2023-03-01,1663.43371582
2023-03-02,1647.31933594
2023-03-03,1569.16760254
2023-03-04,1566.92395020
2023-03-05,1564.46875000
2023-03-06,1567.39868164
2023-03-07,1561.93310547
2023-03-08,1534.08825684
2023-03-09,1438.66076660
2023-03-10,1429.15808105
2023-03-11,1482.61669922
2023-03-12,1590.29296875
2023-03-13,1680.30895996
2023-03-14,1703.50708008
2023-03-15,1656.18054199
2023-03-16,1677.21545410
2023-03-17,1792.48510742
2023-03-18,1761.65966797
2023-03-19,1785.57653809
2023-03-20,1735.32128906
2023-03-21,1806.76074219
2023-03-22,1737.71704102
2023-03-23,1816.40515137
2023-03-24,1752.04479980
2023-03-25,1743.76477051
2023-03-26,1775.67675781
2023-03-27,1715.46081543
2023-03-28,1772.78564453
2023-03-29,1793.00183105
2023-03-30,1792.73718262
2023-03-31,1822.02209473
2023-04-01,1813.86059570
2023-04-02,1795.70812988
2023-04-03,1810.29711914
2023-04-04,1871.00512695
2023-04-05,1909.11401367
2023-04-06,1872.92260742
2023-04-07,1865.63610840
2023-04-08,1849.49816895
2023-04-09,1859.38781738
2023-04-10,1911.20751953
2023-04-11,1892.18969727
2023-04-12,1920.68212891
2023-04-13,2012.63464355
2023-04-14,2101.63549805
2023-04-15,2092.46679688
2023-04-16,2120.00585938
2023-04-17,2076.24291992
2023-04-18,2104.53735352
2023-04-19,1936.40344238
2023-04-20,1943.09765625
2023-04-21,1849.99987793
2023-04-22,1874.22863770
2023-04-23,1862.06201172
2023-04-24,1842.75744629
2023-04-25,1866.75366211
2023-04-26,1866.56420898
2023-04-27,1908.78637695
2023-04-28,1892.51281738
2023-04-29,1908.91699219
2023-04-30,1876.92431641
2023-05-01,1831.95483398
2023-05-02,1870.78930664
2023-05-03,1904.65185547
2023-05-04,1877.70410156
2023-05-05,1995.06091309
2023-05-06,1900.22180176
2023-05-07,1873.07641602
2023-05-08,1849.04272461
2023-05-09,1848.60314941
2023-05-10,1842.40148926
2023-05-11,1796.49060059
2023-05-12,1808.01977539
2023-05-13,1796.11486816
2023-05-14,1800.50097656
2023-05-15,1817.54992676
2023-05-16,1824.12145996
2023-05-17,1821.85961914
2023-05-18,1801.72851562
2023-05-19,1812.58947754
2023-05-20,1820.47802734
2023-05-21,1804.53137207
2023-05-22,1817.53479004
2023-05-23,1854.38061523
2023-05-24,1800.09997559
2023-05-25,1805.95373535
2023-05-26,1828.68969727
2023-05-27,1831.11828613
2023-05-28,1910.91418457
2023-05-29,1893.07812500
2023-05-30,1901.02661133
2023-05-31,1874.13049316
2023-06-01,1862.20141602
2023-06-02,1907.25659180
2023-06-03,1892.41247559
2023-06-04,1890.51354980
2023-06-05,1811.82836914
2023-06-06,1884.49487305
2023-06-07,1832.39599609
2023-06-08,1846.30187988
2023-06-09,1840.22521973
2023-06-10,1752.38476562
2023-06-11,1753.41528320
2023-06-12,1742.52868652
2023-06-13,1739.03759766
2023-06-14,1650.51928711
2023-06-15,1665.51977539
2023-06-16,1716.66882324
2023-06-17,1727.20410156
2023-06-18,1720.57751465
2023-06-19,1737.65942383
2023-06-20,1792.11999512
2023-06-21,1891.00720215
2023-06-22,1872.94299316
2023-06-23,1892.86206055
2023-06-24,1876.05969238
2023-06-25,1900.50610352
2023-06-26,1859.43286133
2023-06-27,1889.70336914
2023-06-28,1827.97119141
2023-06-29,1852.22729492
2023-06-30,1933.18896484
2023-07-01,1924.56591797
2023-07-02,1937.43835449
2023-07-03,1955.38916016
2023-07-04,1936.63354492
2023-07-05,1910.58801270
2023-07-06,1848.63647461
2023-07-07,1870.60253906
2023-07-08,1865.53955078
2023-07-09,1863.00976562
2023-07-10,1880.55639648
2023-07-11,1878.33605957
2023-07-12,1872.11376953
2023-07-13,2006.51147461
2023-07-14,1939.34704590
2023-07-15,1931.46655273
2023-07-16,1923.68188477
2023-07-17,1911.64611816
2023-07-18,1897.59924316
2023-07-19,1889.00793457
2023-07-20,1890.96911621
2023-07-21,1892.08007812
2023-07-22,1864.91235352
2023-07-23,1889.19165039
2023-07-24,1850.00207520
2023-07-25,1857.74194336
2023-07-26,1872.15991211
2023-07-27,1860.35717773
2023-07-28,1874.74487305
2023-07-29,1881.06884766
2023-07-30,1861.64379883
2023-07-31,1856.16235352
2023-08-01,1871.79211426
2023-08-02,1839.08972168
2023-08-03,1835.13647461
2023-08-04,1827.71289062
2023-08-05,1834.98791504
2023-08-06,1827.46203613
2023-08-07,1826.93884277
2023-08-08,1855.80737305
2023-08-09,1854.29760742
2023-08-10,1850.75341797
2023-08-11,1847.12438965
2023-08-12,1848.88989258
2023-08-13,1839.28015137
2023-08-14,1844.18579102
2023-08-15,1826.93273926
2023-08-16,1805.65905762
2023-08-17,1684.93347168
2023-08-18,1660.94506836
2023-08-19,1669.47192383
2023-08-20,1684.85205078
2023-08-21,1667.26904297
2023-08-22,1633.89257812
2023-08-23,1679.27441406
2023-08-24,1659.94458008
2023-08-25,1652.93505859
2023-08-26,1646.30676270
2023-08-27,1657.51306152
2023-08-28,1652.45739746
2023-08-29,1729.72570801
2023-08-30,1705.11218262
2023-08-31,1645.63916016
2023-09-01,1628.49121094
2023-09-02,1637.02539062
2023-09-03,1636.11767578
2023-09-04,1629.65527344
2023-09-05,1633.62939453
2023-09-06,1632.25231934
2023-09-07,1647.59826660
2023-09-08,1636.13781738
2023-09-09,1635.16235352
2023-09-10,1616.82885742
2023-09-11,1551.63769531
2023-09-12,1592.42944336
2023-09-13,1607.98852539
2023-09-14,1626.97436523
2023-09-15,1641.64038086
2023-09-16,1635.22167969
2023-09-17,1622.89672852
2023-09-18,1637.34704590
2023-09-19,1643.54467773
2023-09-20,1622.89062500
2023-09-21,1584.30700684
2023-09-22,1593.26831055
2023-09-23,1593.85778809
2023-09-24,1580.85339355
2023-09-25,1588.32287598
2023-09-26,1593.41723633
2023-09-27,1597.49121094
2023-09-28,1652.88269043
2023-09-29,1667.94384766
2023-09-30,1671.16186523
2023-10-01,1733.81042480
2023-10-02,1663.62756348
2023-10-03,1656.68566895
2023-10-04,1647.83813477
2023-10-05,1611.47644043
2023-10-06,1645.83154297
2023-10-07,1634.51123047
2023-10-08,1633.54858398
2023-10-09,1579.80664062
2023-10-10,1567.71301270
2023-10-11,1566.25476074
2023-10-12,1539.61242676
2023-10-13,1552.08947754
2023-10-14,1555.25683594
2023-10-15,1558.06982422
2023-10-16,1600.53430176
2023-10-17,1565.43957520
2023-10-18,1563.74987793
2023-10-19,1567.45703125
2023-10-20,1604.66687012
2023-10-21,1629.30444336
2023-10-22,1663.42993164
2023-10-23,1765.38269043
2023-10-24,1784.43750000
2023-10-25,1787.39758301
2023-10-26,1804.03930664
2023-10-27,1780.04528809
2023-10-28,1776.61816406
2023-10-29,1795.54602051
2023-10-30,1810.08862305
2023-10-31,1816.45898438
2023-11-01,1847.08972168
2023-11-02,1800.62097168
2023-11-03,1832.79516602
2023-11-04,1857.69860840
2023-11-05,1894.15771484
2023-11-06,1899.83740234
2023-11-07,1888.12426758
2023-11-08,1889.32238770
2023-11-09,2120.56103516
2023-11-10,2078.28979492
2023-11-11,2052.71386719
2023-11-12,2045.18701172
2023-11-13,2055.26538086
2023-11-14,1979.05261230
2023-11-15,2060.40844727
2023-11-16,1960.88159180
2023-11-17,1961.28076172
2023-11-18,1963.28503418
2023-11-19,2013.20446777
2023-11-20,2022.23913574
2023-11-21,1937.06677246
2023-11-22,2064.42529297
2023-11-23,2062.21069336
2023-11-24,2081.15209961
2023-11-25,2084.41308594
2023-11-26,2063.28613281
2023-11-27,2027.41735840
2023-11-28,2049.33813477
2023-11-29,2029.92919922
2023-11-30,2052.55615234
2023-12-01,2087.13989258
2023-12-02,2165.70410156
2023-12-03,2193.69165039
2023-12-04,2243.21582031
2023-12-05,2293.84179688
2023-12-06,2231.66137695
2023-12-07,2357.57958984
2023-12-08,2358.73193359
2023-12-09,2341.17529297
2023-12-10,2352.46264648
2023-12-11,2224.57885742
2023-12-12,2202.03808594
2023-12-13,2260.64868164
2023-12-14,2316.57910156
2023-12-15,2219.33740234
2023-12-16,2226.92651367
2023-12-17,2196.48120117
2023-12-18,2217.27343750
2023-12-19,2177.87255859
2023-12-20,2201.91137695
2023-12-21,2239.54248047
2023-12-22,2326.52490234
2023-12-23,2309.04638672
2023-12-24,2265.69213867
2023-12-25,2272.56176758
2023-12-26,2231.46533203
2023-12-27,2378.73999023
2023-12-28,2347.56616211
2023-12-29,2300.69067383
2023-12-30,2292.06542969
2023-12-31,2281.47119141
2024-01-01,2352.32788086
2024-01-02,2355.83642578
2024-01-03,2210.76196289
2024-01-04,2269.03808594
2024-01-05,2268.64721680
2024-01-06,2241.62475586
2024-01-07,2222.86596680
2024-01-08,2333.03271484
2024-01-09,2344.82714844
2024-01-10,2582.10351562
2024-01-11,2619.61914062
2024-01-12,2524.46020508
2024-01-13,2576.59790039
2024-01-14,2472.24121094
2024-01-15,2511.36376953
2024-01-16,2587.69116211
2024-01-17,2528.36938477
2024-01-18,2467.01879883
2024-01-19,2489.49853516
2024-01-20,2469.58911133
2024-01-21,2453.91308594
2024-01-22,2310.82641602
2024-01-23,2240.68603516
2024-01-24,2233.56176758
2024-01-25,2217.71020508
2024-01-26,2267.19970703
2024-01-27,2267.88598633
2024-01-28,2257.20874023
2024-01-29,2317.06420898
2024-01-30,2344.49365234
2024-01-31,2282.54443359
2024-02-01,2303.82470703
2024-02-02,2308.03808594
2024-02-03,2296.03833008
2024-02-04,2289.54614258
2024-02-05,2298.88891602
2024-02-06,2372.20190430
2024-02-07,2423.74511719
2024-02-08,2419.90649414
2024-02-09,2487.51562500
2024-02-10,2501.22827148
2024-02-11,2507.57055664
2024-02-12,2658.11596680
2024-02-13,2642.18530273
2024-02-14,2777.90234375
2024-02-15,2824.37890625
2024-02-16,2803.69140625
2024-02-17,2786.67260742
2024-02-18,2878.99804688
2024-02-19,2943.57470703
2024-02-20,3013.50366211
2024-02-21,2970.35546875
2024-02-22,2971.00732422
2024-02-23,2921.65820312
2024-02-24,2992.38598633
2024-02-25,3112.69726562
2024-02-26,3178.99365234
2024-02-27,3244.51928711
2024-02-28,3385.70385742
2024-02-29,3341.91967773
2024-03-01,3435.05395508
2024-03-02,3422.04980469
2024-03-03,3490.99365234
2024-03-04,3630.43383789
2024-03-05,3554.96459961
2024-03-06,3819.22631836
2024-03-07,3874.34765625
2024-03-08,3892.06103516
2024-03-09,3915.41894531
2024-03-10,3881.19311523
2024-03-11,4066.44506836
2024-03-12,3980.27319336
2024-03-13,4006.45703125
2024-03-14,3883.14038086
2024-03-15,3735.22021484
2024-03-16,3522.86010742
2024-03-17,3642.41308594
2024-03-18,3517.98510742
2024-03-19,3157.61816406
2024-03-20,3513.39306641
2024-03-21,3492.99121094
2024-03-22,3333.68798828
2024-03-23,3336.59399414
2024-03-24,3454.63647461
2024-03-25,3590.88378906
2024-03-26,3587.50488281
2024-03-27,3500.11523438
2024-03-28,3561.29394531
2024-03-29,3511.80615234
2024-03-30,3507.94433594
2024-03-31,3647.85644531
2024-04-01,3505.03002930
2024-04-02,3277.23461914
2024-04-03,3311.44189453
2024-04-04,3330.04052734
2024-04-05,3318.88525391
2024-04-06,3354.18383789
2024-04-07,3453.49462891
2024-04-08,3695.29272461
2024-04-09,3505.16333008
2024-04-10,3543.73706055
2024-04-11,3505.24780273
2024-04-12,3243.03491211
2024-04-13,3004.90039062
2024-04-14,3156.94189453
2024-04-15,3101.60034180
2024-04-16,3084.92016602
2024-04-17,2984.72753906
2024-04-18,3066.02758789
2024-04-19,3059.27856445
2024-04-20,3157.62719727
2024-04-21,3147.28857422
2024-04-22,3201.65209961
2024-04-23,3219.91162109
2024-04-24,3139.80517578
2024-04-25,3156.50952148
2024-04-26,3130.16479492
2024-04-27,3252.16821289
2024-04-28,3262.77465820
2024-04-29,3215.42895508
2024-04-30,3012.28686523
2024-05-01,2969.78466797
2024-05-02,2988.16845703
2024-05-03,3103.54199219
2024-05-04,3117.57641602
2024-05-05,3137.24902344
2024-05-06,3062.72875977
2024-05-07,3006.57714844
2024-05-08,2973.65722656
2024-05-09,3036.02050781
2024-05-10,2909.79125977
2024-05-11,2911.60205078
2024-05-12,2928.70190430
2024-05-13,2949.35961914
2024-05-14,2881.15795898
2024-05-15,3037.05664062
2024-05-16,2945.13110352
2024-05-17,3094.11865234
2024-05-18,3122.94897461
2024-05-19,3071.84301758
2024-05-20,3663.85546875
2024-05-21,3789.31274414
2024-05-22,3737.21777344
2024-05-23,3776.92724609
2024-05-24,3726.93457031
2024-05-25,3749.23657227
2024-05-26,3825.89746094
2024-05-27,3892.00683594
2024-05-28,3840.25634766
2024-05-29,3763.19653320
2024-05-30,3746.84960938
2024-05-31,3760.02661133
2024-06-01,3813.19897461
2024-06-02,3780.89599609
2024-06-03,3766.38916016
2024-06-04,3812.51586914
2024-06-05,3864.26098633
2024-06-06,3811.60595703
2024-06-07,3678.62915039
2024-06-08,3680.94995117
2024-06-09,3705.90380859
2024-06-10,3666.71752930
2024-06-11,3498.33056641
2024-06-12,3559.61767578
2024-06-13,3469.28125000
2024-06-14,3480.27197266
2024-06-15,3565.54956055
2024-06-16,3620.56347656
2024-06-17,3511.37890625
2024-06-18,3483.68139648
2024-06-19,3559.34741211
2024-06-20,3511.08691406
2024-06-21,3516.07568359
2024-06-22,3494.81347656
2024-06-23,3418.61181641
2024-06-24,3350.25634766
2024-06-25,3395.02905273
2024-06-26,3369.47729492
2024-06-27,3444.80053711
2024-06-28,3373.63598633
2024-06-29,3372.96777344
2024-06-30,3432.88916016
2024-07-01,3440.34155273
2024-07-02,3416.35473633
2024-07-03,3292.91674805
2024-07-04,3054.52197266
2024-07-05,2981.59863281
2024-07-06,3069.37792969
2024-07-07,2929.38720703
2024-07-08,3018.73193359
2024-07-09,3064.03295898
2024-07-10,3102.21875000
2024-07-11,3100.33081055
2024-07-12,3134.15869141
2024-07-13,3177.19873047
2024-07-14,3244.07910156
2024-07-15,3489.55273438
2024-07-16,3443.51342773
2024-07-17,3388.75244141
2024-07-18,3426.25854492
2024-07-19,3505.73486328
2024-07-20,3519.29541016
2024-07-21,3536.60546875
2024-07-22,3440.41992188
2024-07-23,3481.99584961
2024-07-24,3336.33935547
2024-07-25,3174.42724609
2024-07-26,3275.95141602
2024-07-27,3247.60791016
2024-07-28,3271.46459961
2024-07-29,3320.53930664
2024-07-30,3278.66772461
2024-07-31,3231.29565430
2024-08-01,3201.56445312
2024-08-02,2986.01318359
2024-08-03,2903.38574219
2024-08-04,2686.39892578
2024-08-05,2417.20629883
2024-08-06,2458.72387695
2024-08-07,2336.58935547
2024-08-08,2683.35278320
2024-08-09,2599.59863281
2024-08-10,2610.02294922
2024-08-11,2553.25219727
2024-08-12,2724.43188477
2024-08-13,2703.67187500
2024-08-14,2662.91479492
2024-08-15,2570.08764648
2024-08-16,2593.18652344
2024-08-17,2614.54687500
2024-08-18,2613.35717773
2024-08-19,2637.30639648
2024-08-20,2573.10693359
2024-08-21,2631.39550781
2024-08-22,2622.95141602
2024-08-23,2764.44702148
2024-08-24,2769.38964844
2024-08-25,2749.15771484
2024-08-26,2681.34057617
2024-08-27,2458.72656250
2024-08-28,2528.41552734
2024-08-29,2528.79272461
2024-08-30,2525.82202148
2024-08-31,2513.39379883
2024-09-01,2427.90234375
2024-09-02,2538.18725586
2024-09-03,2420.60375977
2024-09-04,2448.97705078
2024-09-05,2367.73754883
2024-09-06,2223.87646484
2024-09-07,2274.10717773
2024-09-08,2297.29296875
2024-09-09,2358.48217773
2024-09-10,2389.58105469
2024-09-11,2339.84155273
2024-09-12,2361.78173828
2024-09-13,2441.60717773
2024-09-14,2418.59570312
2024-09-15,2320.89721680
2024-09-16,2295.28369141
2024-09-17,2341.70776367
2024-09-18,2369.72900391
2024-09-19,2464.75219727
2024-09-20,2561.07202148
2024-09-21,2615.85717773
2024-09-22,2582.86254883
2024-09-23,2648.54638672
2024-09-24,2654.35498047
2024-09-25,2579.38867188
2024-09-26,2632.19995117
2024-09-27,2695.90063477
2024-09-28,2677.53906250
2024-09-29,2659.34692383
2024-09-30,2603.06274414
2024-10-01,2448.92114258
2024-10-02,2365.23168945
2024-10-03,2349.79125977
2024-10-04,2414.79394531
2024-10-05,2415.63183594
2024-10-06,2439.95776367
2024-10-07,2421.79663086
2024-10-08,2439.84082031
2024-10-09,2368.28344727
2024-10-10,2383.85791016
2024-10-11,2436.51342773
2024-10-12,2476.52319336
2024-10-13,2467.67700195
2024-10-14,2628.89990234
2024-10-15,2606.02197266
2024-10-16,2611.10205078
2024-10-17,2604.27343750
2024-10-18,2641.55224609
2024-10-19,2648.65698242
2024-10-20,2746.36401367
2024-10-21,2665.71215820
2024-10-22,2620.19750977
2024-10-23,2509.09887695
2024-10-24,2534.49853516
2024-10-25,2435.93408203
2024-10-26,2479.60327148
2024-10-27,2505.94067383
2024-10-28,2565.34814453
2024-10-29,2637.95751953
2024-10-30,2657.37255859
2024-10-31,2515.79931641
2024-11-01,2511.88549805
2024-11-02,2491.06860352
2024-11-03,2456.42529297
2024-11-04,2397.02636719
2024-11-05,2422.65063477
2024-11-06,2724.16918945
2024-11-07,2895.58544922
2024-11-08,2962.29663086
2024-11-09,3131.14453125
2024-11-10,3191.33129883
2024-11-11,3374.81298828
2024-11-12,3246.25732422
2024-11-13,3192.59594727
2024-11-14,3058.94873047
2024-11-15,3103.04052734
2024-11-16,3133.27392578
2024-11-17,3075.66162109
2024-11-18,3207.85644531
2024-11-19,3111.38403320
2024-11-20,3072.18798828
2024-11-21,3361.05395508
2024-11-22,3331.60083008
2024-11-23,3396.22338867
2024-11-24,3363.65991211
2024-11-25,3413.54394531
2024-11-26,3326.51733398
2024-11-27,3657.24926758
2024-11-28,3579.81152344
2024-11-29,3593.49438477
2024-11-30,3705.70532227
2024-12-01,3711.16503906
2024-12-02,3644.19848633
2024-12-03,3620.71166992
2024-12-04,3841.33105469
2024-12-05,3811.00830078
2024-12-06,4005.81054688
2024-12-07,4002.69262695
2024-12-08,4005.70458984
2024-12-09,3718.69042969
2024-12-10,3631.83374023
2024-12-11,3832.82202148
2024-12-12,3883.10156250
2024-12-13,3911.20532227
2024-12-14,3868.40527344
2024-12-15,3951.94116211
2024-12-16,3987.48095703
2024-12-17,3886.76611328
2024-12-18,3618.79125977
2024-12-19,3417.92797852
2024-12-20,3472.55346680
2024-12-21,3337.22241211
2024-12-22,3277.53515625
2024-12-23,3415.78540039
2024-12-24,3492.04980469
2024-12-25,3493.23535156
2024-12-26,3331.22583008
2024-12-27,3328.91699219
2024-12-28,3397.90234375
2024-12-29,3349.51342773
2024-12-30,3356.39257812
2024-12-31,3332.53173828
2025-01-01,3353.50415039
2025-01-02,3451.39257812
2025-01-03,3605.00976562
2025-01-04,3657.70678711
2025-01-05,3634.10375977
2025-01-06,3688.61132812
2025-01-07,3381.57739258
2025-01-08,3326.32934570
2025-01-09,3219.43066406
2025-01-10,3267.48999023
2025-01-11,3282.21777344
2025-01-12,3265.95117188
2025-01-13,3135.49975586
2025-01-14,3223.68457031
2025-01-15,3450.53759766
2025-01-16,3308.34521484
2025-01-17,3474.10717773
2025-01-18,3305.78955078
2025-01-19,3208.96435547
2025-01-20,3278.03540039
2025-01-21,3327.40625000
2025-01-22,3240.22460938
2025-01-23,3334.71411133
2025-01-24,3309.55493164
2025-01-25,3317.26953125
2025-01-26,3236.13427734
2025-01-27,3178.92041016
2025-01-28,3077.11254883
2025-01-29,3112.99902344
2025-01-30,3247.78002930
2025-01-31,3298.26513672
2025-02-01,3118.32861328
2025-02-02,2868.69287109
2025-02-03,2884.56665039
2025-02-04,2735.05126953
2025-02-05,2787.77905273
2025-02-06,2688.40087891
2025-02-07,2622.21118164
2025-02-08,2632.30834961
2025-02-09,2628.72119141
2025-02-10,2661.16674805
2025-02-11,2602.78198242
2025-02-12,2736.90209961
2025-02-13,2675.90258789
2025-02-14,2726.09155273
2025-02-15,2693.55981445
2025-02-16,2663.31591797
2025-02-17,2743.19970703
2025-02-18,2669.33886719
2025-02-19,2715.77099609
2025-02-20,2740.38647461
2025-02-21,2659.65551758
2025-02-22,2764.02929688
2025-02-23,2821.31030273
2025-02-24,2513.82128906
2025-02-25,2493.59252930
2025-02-26,2331.45263672
2025-02-27,2305.48437500
2025-02-28,2237.90527344
2025-03-01,2216.64331055
2025-03-02,2519.69458008
2025-03-03,2145.57397461
2025-03-04,2170.01513672
2025-03-05,2241.97729492
2025-03-06,2202.47680664
2025-03-07,2138.98754883
2025-03-08,2201.51025391
2025-03-09,2015.50915527
2025-03-10,1861.15136719
2025-03-11,1919.84497070
2025-03-12,1908.98266602
2025-03-13,1862.96960449
2025-03-14,1909.46752930
2025-03-15,1937.39465332
2025-03-16,1887.43505859
2025-03-17,1927.00292969
2025-03-18,1932.54345703
2025-03-19,2057.74902344
2025-03-20,1982.09985352
2025-03-21,1964.84753418
2025-03-22,1980.03784180
2025-03-23,2005.29919434
2025-03-24,2077.47900391
2025-03-25,2067.76416016
2025-03-26,2009.18933105
2025-03-27,2002.35742188
2025-03-28,1895.50292969
2025-03-29,1827.32031250
2025-03-30,1806.21862793
2025-03-31,1823.47998047
2025-04-01,1905.49145508
2025-04-02,1795.31323242
2025-04-03,1815.63720703
2025-04-04,1815.33520508
2025-04-05,1805.97326660
2025-04-06,1576.72802734
2025-04-07,1555.24096680
2025-04-08,1472.55310059
2025-04-09,1668.04003906
2025-04-10,1522.51879883
2025-04-11,1567.14978027
2025-04-12,1643.52856445
2025-04-13,1596.68579102
2025-04-14,1622.76989746
2025-04-15,1588.63244629
2025-04-16,1578.10534668
2025-04-17,1582.54833984
2025-04-18,1588.92468262
2025-04-19,1612.92285156
2025-04-20,1587.51428223
2025-04-21,1579.73449707
2025-04-22,1757.33166504
2025-04-23,1796.10424805
2025-04-24,1769.83166504
2025-04-25,1786.63452148
2025-04-26,1821.88110352
2025-04-27,1792.86499023
2025-04-28,1798.85180664
2025-04-29,1799.17565918
2025-04-30,1793.77539062
2025-05-01,1839.22155762
2025-05-02,1842.70788574
2025-05-03,1833.83972168
2025-05-04,1808.59423828
2025-05-05,1819.69750977
2025-05-06,1815.08752441
2025-05-07,1811.60668945
2025-05-08,2206.51464844
2025-05-09,2345.50732422
2025-05-10,2582.42260742
2025-05-11,2510.23779297
2025-05-12,2496.39770508
2025-05-13,2680.12963867
2025-05-14,2610.06323242
2025-05-15,2546.85693359
2025-05-16,2536.29760742
2025-05-17,2475.75439453
2025-05-18,2498.23364258
2025-05-19,2529.16674805
2025-05-20,2524.17309570
2025-05-21,2552.34716797
2025-05-22,2664.15698242
2025-05-23,2526.44189453
2025-05-24,2530.64624023
2025-05-25,2551.76391602
2025-05-26,2564.13842773
2025-05-27,2663.06982422
2025-05-28,2682.21289062
2025-05-29,2632.65478516
2025-05-30,2529.94360352
2025-05-31,2529.08740234
2025-06-01,2536.26635742
2025-06-02,2607.09741211
2025-06-03,2593.28027344
2025-06-04,2608.64306641
2025-06-05,2416.28564453
2025-06-06,2477.19482422
2025-06-07,2526.50537109
2025-06-08,2510.78710938
2025-06-09,2681.51708984
2025-06-10,2813.51757812
2025-06-11,2773.52929688
2025-06-12,2651.79516602
2025-06-13,2579.48608398
2025-06-14,2533.44409180
2025-06-15,2546.83715820
2025-06-16,2540.60498047
2025-06-17,2510.76147461
2025-06-18,2524.30151367
2025-06-19,2521.65356445
2025-06-20,2407.30419922
2025-06-21,2300.49560547
2025-06-22,2228.21313477
2025-06-23,2421.82495117
2025-06-24,2448.00878906
2025-06-25,2419.31030273
2025-06-26,2416.14672852
2025-06-27,2423.86694336
2025-06-28,2437.10937500
2025-06-29,2500.95996094
2025-06-30,2486.46435547
2025-07-01,2405.79272461
2025-07-02,2571.33544922
2025-07-03,2591.00732422
2025-07-04,2508.51831055
2025-07-05,2517.28002930
2025-07-06,2571.23657227
2025-07-07,2543.01318359
2025-07-08,2615.50585938
2025-07-09,2770.77758789
2025-07-10,2954.84521484
2025-07-11,2957.88623047
2025-07-12,2942.91162109
2025-07-13,2973.35888672
2025-07-14,3013.35083008
2025-07-15,3139.88964844
2025-07-16,3371.50683594
2025-07-17,3476.78442383
2025-07-18,3549.01635742
2025-07-19,3595.27368164
2025-07-20,3759.47143555
2025-07-21,3763.37133789
2025-07-22,3749.14550781
2025-07-23,3629.70361328
2025-07-24,3708.00561523
2025-07-25,3727.26684570
2025-07-26,3741.39599609
2025-07-27,3875.24658203
2025-07-28,3787.42578125
2025-07-29,3793.45483398
2025-07-30,3808.20166016
2025-07-31,3696.70776367
2025-08-01,3488.36596680
2025-08-02,3392.74121094
2025-08-03,3497.37915039
2025-08-04,3718.98608398
2025-08-05,3611.89941406
2025-08-06,3683.92065430
2025-08-07,3914.32592773
2025-08-08,4009.84887695
2025-08-09,4263.59912109
2025-08-10,4254.21777344
2025-08-11,4226.96679688
2025-08-12,4590.92480469
2025-08-13,4756.27587891
2025-08-14,4548.16650391
2025-08-15,4439.98876953
2025-08-16,4426.18017578
2025-08-17,4473.27148438
2025-08-18,4312.50488281
2025-08-19,4073.46411133
2025-08-20,4334.50048828
2025-08-21,4223.20996094
2025-08-22,4831.34863281
2025-08-23,4776.09033203
2025-08-24,4779.64746094
2025-08-25,4372.98779297
2025-08-26,4600.42675781
2025-08-27,4503.39306641
2025-08-28,4507.17773438
2025-08-29,4360.15283203
2025-08-30,4374.15332031
2025-08-31,4390.01904297
2025-09-01,4314.47021484
2025-09-02,4325.36572266
2025-09-03,4450.38916016
2025-09-04,4298.74414062
2025-09-05,4306.98876953
2025-09-06,4274.24218750
2025-09-07,4305.34765625
2025-09-08,4308.07226562
2025-09-09,4309.04150391
2025-09-10,4349.14599609
2025-09-11,4461.23339844
2025-09-12,4715.24609375
2025-09-13,4668.17968750
2025-09-14,4609.59765625
2025-09-15,4526.82031250
2025-09-16,4503.56445312
2025-09-17,4592.73339844
2025-09-18,4589.91894531
2025-09-19,4470.91699219
2025-09-20,4482.26562500
2025-09-21,4451.32910156
2025-09-22,4202.87744141
2025-09-23,4165.50390625
2025-09-24,4153.46923828
2025-09-25,3868.33398438
2025-09-26,4035.88793945
2025-09-27,4018.65820312
2025-09-28,4141.47656250
2025-09-29,4217.34179688
2025-09-30,4145.95751953
2025-10-01,4351.11230469
2025-10-02,4487.92382812
2025-10-03,4514.87060547
2025-10-04,4489.19726562
2025-10-05,4515.42285156
2025-10-06,4687.77148438
2025-10-07,4451.15185547
2025-10-08,4527.64794922
2025-10-09,4369.14355469
2025-10-10,3843.00878906
2025-10-11,3750.61157227
2025-10-12,4164.42773438
2025-10-13,4245.46777344
2025-10-14,4125.41210938
2025-10-15,3987.45947266
2025-10-16,3894.75439453
2025-10-17,3832.55883789
2025-10-18,3890.34619141
2025-10-19,3984.64965820
2025-10-20,3980.76025391
2025-10-21,3876.76416016
2025-10-22,3808.12231445
2025-10-23,3856.02636719
2025-10-24,3934.56738281
2025-10-25,3953.47094727
2025-10-26,4157.98925781
2025-10-27,4120.12207031
2025-10-28,3982.26245117
2025-10-29,3903.35302734
2025-10-30,3804.37524414
2025-10-31,3847.08032227
2025-11-01,3874.18798828
2025-11-02,3911.06323242
2025-11-03,3602.30810547
2025-11-04,3292.57446289
2025-11-05,3425.17114258
2025-11-06,3312.25781250
2025-11-07,3435.30102539
2025-11-08,3400.37597656
2025-11-09,3582.62133789
2025-11-10,3568.45996094
2025-11-11,3415.28222656
2025-11-12,3413.09423828
2025-11-13,3232.75708008
2025-11-14,3103.78564453
2025-11-15,3166.63134766
2025-11-16,3092.84741211
2025-11-17,3024.53881836
2025-11-18,3122.97900391
2025-11-19,3023.07080078
2025-11-20,2831.77758789
2025-11-21,2765.69921875
2025-11-22,2767.60742188
2025-11-23,2801.67602539
2025-11-24,2952.71337891
2025-11-25,2957.93627930
2025-11-26,3027.81201172
2025-11-27,3014.54223633
2025-11-28,3032.30444336
2025-11-29,2991.68530273
2025-11-30,2992.11254883
2025-12-01,2800.18896484
2025-12-02,2997.93969727
2025-12-03,3191.57177734
2025-12-04,3134.31640625
2025-12-05,3024.43286133
2025-12-06,3040.20776367
2025-12-07,3061.30175781
2025-12-08,3125.19799805
2025-12-09,3321.11499023
2025-12-10,3325.39013672
2025-12-11,3237.05688477
2025-12-12,3084.17260742
2025-12-13,3116.69531250
2025-12-14,3060.59472656
2025-12-15,2964.18310547
2025-12-16,2964.18090820
2025-12-17,2831.40356445
2025-12-18,2827.06909180
2025-12-19,2977.97070312
2025-12-20,2977.58251953
2025-12-21,3001.61376953
2025-12-22,3006.07373047
2025-12-23,2963.37402344
2025-12-24,2945.59057617
2025-12-25,2903.57958984
2025-12-26,2925.74560547
2025-12-27,2947.99829102
2025-12-28,2948.56811523
2025-12-29,2934.53833008
2025-12-30,2971.41674805
2025-12-31,2967.03759766
2026-01-01,3000.39428711
2026-01-02,3124.42260742
2026-01-03,3125.91748047
2026-01-04,3140.71044922
2026-01-05,3226.13037109
2026-01-06,3295.94677734
2026-01-07,3166.84399414
2026-01-08,3104.38256836
2026-01-09,3083.04711914
2026-01-10,3082.39599609
2026-01-11,3118.88525391
2026-01-12,3092.32519531
2026-01-13,3322.09545898
2026-01-14,3354.72265625
2026-01-15,3317.10131836
2026-01-16,3295.48217773
2026-01-17,3308.86425781
2026-01-18,3281.15771484
2026-01-19,3186.62109375
2026-01-20,2935.60571289
2026-01-21,2978.90112305
2026-01-22,2949.63330078
2026-01-23,2953.25634766
2026-01-24,2948.74072266
2026-01-25,2815.90234375
2026-01-26,2926.45703125
2026-01-27,3022.21093750
2026-01-28,3006.60742188
2026-01-29,2818.23266602
2026-01-30,2702.37524414
2026-01-31,2445.09179688
2026-02-01,2267.96484375
2026-02-02,2344.35668945
2026-02-03,2227.55883789
2026-02-04,2143.50415039
2026-02-05,1821.68310547
2026-02-06,2063.38696289
2026-02-07,2090.54931641
2026-02-08,2088.76293945
2026-02-09,2103.56762695
2026-02-10,2019.49743652
2026-02-11,1940.62133789
2026-02-12,1946.94067383
2026-02-13,2048.52734375
2026-02-14,2086.00976562
2026-02-15,1966.04296875
2026-02-16,1997.91772461
2026-02-17,1992.19433594
2026-02-18,1953.97412109
2026-02-19,1948.20104980
2026-02-20,1969.02233887
2026-02-21,1973.73718262
2026-02-22,1957.80590820
2026-02-23,1855.50280762
2026-02-24,1852.96948242
2026-02-25,2054.62792969
2026-02-26,2026.79260254
2026-02-27,1930.76184082
2026-02-28,1965.05053711
2026-03-01,1939.06665039
2026-03-02,2027.26892090
2026-03-03,1982.76892090
2026-03-04,2126.50537109
2026-03-05,2071.60546875
2026-03-06,1978.75122070
2026-03-07,1969.45544434
2026-03-08,1936.60473633
2026-03-09,1992.93823242
2026-03-10,2037.12048340
2026-03-11,2051.57324219
2026-03-12,2073.13623047
2026-03-13,2092.56347656
2026-03-14,2097.08666992
2026-03-15,2177.47631836
2026-03-16,2351.17602539
2026-03-17,2318.05346680
2026-03-18,2203.67163086
2026-03-19,2137.42382812
2026-03-20,2146.49707031
2026-03-21,2076.68994141
2026-03-22,2053.04833984
2026-03-23,2152.14599609
2026-03-24,2155.70434570
2026-03-25,2168.02148438
2026-03-26,2059.57836914
2026-03-27,1991.27197266
2026-03-28,1992.69458008
2026-03-29,1982.55969238
2026-03-30,2023.51489258
2026-03-31,2104.70825195
2026-04-01,2138.73706055
2026-04-02,2056.85253906
2026-04-03,2053.38525391
2026-04-04,2065.35156250
2026-04-05,2108.99560547
2026-04-06,2107.76147461
2026-04-07,2241.80664062
2026-04-08,2190.33544922
2026-04-09,2189.14404297
2026-04-10,2245.14868164
2026-04-11,2285.39013672
2026-04-12,2192.20117188
2026-04-13,2370.71484375
2026-04-14,2323.30859375
2026-04-15,2359.43701172
2026-04-16,2348.64501953
2026-04-17,2421.07177734
2026-04-18,2351.10058594
2026-04-19,2264.91699219
2026-04-20,2315.21240234
2026-04-21,2327.97045898
2026-04-22,2376.08813477
2026-04-23,2331.51391602
2026-04-24,2315.69018555
2026-04-25,2318.82910156
2026-04-26,2369.72900391
2026-04-27,2303.06396484
2026-04-28,2289.41967773
2026-04-29,2253.41577148
2026-04-30,2256.25122070
2026-05-01,2295.09375000
2026-05-02,2316.23193359
2026-05-03,2321.63574219
2026-05-04,2346.39697266
2026-05-05,2361.18261719
2026-05-06,2350.80200195
2026-05-07,2291.10766602
2026-05-08,2306.97216797
2026-05-09,2326.72729492
2026-05-10,2369.04394531
2026-05-11,2339.36083984
2026-05-12,2274.64355469
2026-05-13,2257.57641602
2026-05-14,2280.93481445
2026-05-15,2223.32885742
2026-05-16,2179.75195312
2026-05-17,2127.64526367
2026-05-18,2128.51611328
2026-05-19,2109.96386719
2026-05-20,2126.98339844
2026-05-21,2131.41064453
2026-05-22,2064.63696289
2026-05-23,2115.95141602
2026-05-24,2097.99389648
2026-05-25,2111.37036133
2026-05-26,2070.85815430
2026-05-27,2022.19824219
2026-05-28,2007.55273438
2026-05-29,2011.97851562
2026-05-30,2019.45825195
2026-05-31,2004.34155273
2026-06-01,2001.53002930
